{
  "0": { "x": 97.54317520311541, "y": -198.14221769726456 },
  "1": { "x": 136.9532345481803, "y": -180.17893252263838 },
  "2": { "x": -111.57412090178332, "y": -45.939268565137425 },
  "3": { "x": -67.7267877773636, "y": -90.88052729250676 },
  "4": { "x": -164.9040946266249, "y": 74.10250927641425 },
  "5": { "x": -102.9603456622221, "y": 147.38327710662588 },
  "6": { "x": -81.47814712968463, "y": 56.69868317587153 },
  "7": { "x": -104.75328685433033, "y": 99.40319770807612 },
  "8": { "x": -6.56861005560638, "y": 88.87287269735566 },
  "9": { "x": 74.5629730396162, "y": -84.1455558960312 },
  "10": { "x": 43.721932019823576, "y": 148.71138782222238 },
  "11": { "x": 38.69785769435901, "y": 113.38187678182378 },
  "12": { "x": -157.79665390222428, "y": 42.93475329097959 },
  "13": { "x": 200.36154029913445, "y": 36.53078717311767 },
  "14": { "x": -149.95597491638745, "y": -2.0263098208334687 },
  "15": { "x": -41.88316848699357, "y": -109.69679870989691 },
  "16": { "x": 7.941577155894042, "y": 3.8457032658118675 },
  "17": { "x": -51.194129408023656, "y": 11.948555398752212 },
  "18": { "x": 161.56273705885465, "y": -13.11406871565954 },
  "19": { "x": 147.69749394177566, "y": -145.14144913350975 },
  "20": { "x": -70.19072345387714, "y": -151.753687034466 },
  "21": { "x": -96.76356679583482, "y": -192.59199470549515 },
  "22": { "x": 45.36113834721956, "y": -218.6617348002408 },
  "23": { "x": 10.833523667915223, "y": -201.82270013468533 },
  "24": { "x": -188.61281123049474, "y": -67.38753082748923 },
  "25": { "x": -62.17366125975375, "y": 144.338857731436 },
  "26": { "x": -118.45885380471039, "y": 175.34290824434984 },
  "27": { "x": 66.02186285243182, "y": 195.84805645677727 },
  "28": { "x": 73.74118687834537, "y": -25.125773994064467 },
  "29": { "x": -12.218384438368714, "y": 183.52353401530587 },
  "30": { "x": -136.76182998369976, "y": -95.45158061508533 },
  "31": { "x": 77.38569054572872, "y": 48.21513289285453 },
  "32": { "x": 146.57366492410975, "y": -74.44400807701248 },
  "33": { "x": 161.56564946527308, "y": -102.67847507733477 },
  "34": { "x": 165.23607607061453, "y": 85.72848736769963 },
  "35": { "x": 104.4012075596676, "y": -0.9516763622355991 },
  "36": { "x": -57.23119204903561, "y": -226.29866146885595 },
  "37": { "x": -168.57275622037693, "y": -92.28776971605987 },
  "38": { "x": 191.5403865829132, "y": -1.5259698239219757 },
  "39": { "x": -193.200631512764, "y": -34.62383125449028 },
  "40": { "x": 116.081193606134, "y": 119.91499345197855 },
  "41": { "x": 24.087559145942837, "y": -143.43102594705118 },
  "42": { "x": -78.83134834494413, "y": -39.260821708399966 },
  "1000": { "x": 0, "y": 300 },
  "1001": { "x": -0.08353400490723151, "y": 131.81352349392753 },
  "1002": { "x": 3.5811493325550177, "y": 50.53489139255097 },
  "1004": { "x": 6.527545009632982, "y": -31.611341614568357 },
  "1005": { "x": 17.14662166357621, "y": -96.3424940661159 },
  "1006": { "x": 63.81296328949818, "y": -125.97740555568784 },
  "1007": { "x": 100.74915077007762, "y": -153.10288160026593 },
  "1009": { "x": -46.87743315806857, "y": 60.80608561825397 },
  "1010": { "x": -102.98310416803709, "y": 0.6198910993727207 },
  "1013": { "x": -23.468302285932978, "y": -68.06135201181526 },
  "1017": { "x": -55.67722383481241, "y": 99.8923828623609 },
  "1018": { "x": -114.5191509112392, "y": 69.90510716439114 },
  "1020": { "x": -30.124852980798906, "y": 226.51003897787163 },
  "1025": { "x": -70.26545669152502, "y": 186.5824558133198 },
  "1046": { "x": 68.40492243638185, "y": 108.5149865791353 },
  "1048": { "x": 121.62491338941216, "y": 72.45025052715339 },
  "1050": { "x": 156.1948035341031, "y": 33.168260632790265 },
  "1059": { "x": -21.729886844347803, "y": -142.63712565048513 },
  "1061": { "x": -49.27324063421011, "y": -184.79758693650007 },
  "1062": { "x": 48.27401802849025, "y": -172.65327372533417 },
  "1063": { "x": -145.8622489835251, "y": -43.300413630055544 },
  "1065": { "x": 27.453135515145227, "y": 234.63276925005468 },
  "1070": { "x": 36.81446720384168, "y": 76.15614594070978 },
  "1072": { "x": 60.393716442352066, "y": 20.635989057859792 },
  "1084": { "x": 111.1068921563776, "y": -105.73645284002347 }
}
