{
  "0": { "x": 85.68370545437897, "y": -212.6452560504632 },
  "1": { "x": 115.06091789501707, "y": -197.45178310791195 },
  "2": { "x": -134.901242837696, "y": 3.3437353907811915 },
  "3": { "x": -90.12466797200699, "y": -155.95412642630964 },
  "4": { "x": -131.41734716750648, "y": -117.72203634166604 },
  "5": { "x": -120.51715842816692, "y": -147.47113784126418 },
  "6": { "x": -150.86003451175972, "y": 75.29088307575563 },
  "7": { "x": -129.59095247999375, "y": 178.44353942563396 },
  "8": { "x": -70.06044159107255, "y": 66.5513662045348 },
  "9": { "x": -99.21215987501789, "y": 102.98957100841537 },
  "10": { "x": -8.652914318758098, "y": 106.26277428582708 },
  "11": { "x": 56.15398036196199, "y": -97.03469495316347 },
  "12": { "x": 32.2545729216737, "y": 157.86445771326143 },
  "13": { "x": 19.163019618995005, "y": 120.81020359570952 },
  "14": { "x": -138.25706051370577, "y": 46.22220232461426 },
  "15": { "x": 149.2949953570339, "y": -31.00397457463248 },
  "16": { "x": -67.9814998557467, "y": -25.80506390420585 },
  "17": { "x": -46.8556788931803, "y": -116.85366718645639 },
  "18": { "x": 4.645867297260647, "y": 17.929524812964004 },
  "19": { "x": -40.26620543971972, "y": 29.930035519576702 },
  "20": { "x": 124.56103005949716, "y": -50.6391750282981 },
  "21": { "x": 126.3395842552279, "y": -167.8441010085596 },
  "22": { "x": -23.23863515330798, "y": -192.64026547477053 },
  "23": { "x": -94.86173143257972, "y": -211.980659074303 },
  "24": { "x": 131.4811416755791, "y": -103.34939249793563 },
  "25": { "x": 137.3999815902305, "y": -134.47479188024496 },
  "26": { "x": -159.6082227501731, "y": -70.83460285201465 },
  "27": { "x": -110.62226703138383, "y": 153.10344524055697 },
  "28": { "x": -78.97585256924486, "y": 151.57779583919879 },
  "29": { "x": 24.72646200600285, "y": 213.25481743130047 },
  "30": { "x": 139.58190544913708, "y": 91.76101948820563 },
  "31": { "x": -34.22504392428014, "y": 196.8261053170768 },
  "32": { "x": -180.0051050728849, "y": -15.857891958771454 },
  "33": { "x": 92.0740617772002, "y": 126.61390909427178 },
  "34": { "x": 42.98417111150503, "y": -231.50206028337334 },
  "35": { "x": 12.60692584036414, "y": -222.49949818637154 },
  "36": { "x": 113.13084725282675, "y": 19.50286074605432 },
  "37": { "x": 127.23708487059598, "y": 62.58177070915836 },
  "38": { "x": -62.151884526011074, "y": -233.6019203756211 },
  "39": { "x": -180.63208316805185, "y": -47.53485603459262 },
  "40": { "x": 150.61617454991938, "y": 0.5428029924052454 },
  "41": { "x": -128.2159040457515, "y": -72.70269476257273 },
  "42": { "x": 44.88885767428353, "y": 47.32833844860335 },
  "43": { "x": 14.35683779746142, "y": -165.82470667410675 },
  "44": { "x": -99.10005993857351, "y": -31.75975725993776 },
  "45": { "x": 90.51994023994192, "y": -50.09356460031765 },
  "1000": { "x": -30, "y": 318 },
  "1001": { "x": -10.574563974252097, "y": 150.44061502407004 },
  "1002": { "x": -5.141627094498641, "y": 64.41309785812415 },
  "1004": { "x": -7.398967608170722, "y": -28.634210725363637 },
  "1005": { "x": 6.458840737213344, "y": -97.3557028252658 },
  "1006": { "x": 45.34991197025445, "y": -137.32383397032316 },
  "1007": { "x": 80.97041332450891, "y": -167.85249905623357 },
  "1009": { "x": -45.61507428494033, "y": 77.80128643323857 },
  "1010": { "x": -91.37814562133106, "y": 13.412168070364237 },
  "1013": { "x": -43.84764701983089, "y": -74.90074285043181 },
  "1015": { "x": -84.9821575823784, "y": -111.21400925989697 },
  "1017": { "x": -54.29259370667297, "y": 111.90170335106693 },
  "1018": { "x": -102.14509103099513, "y": 77.63346108251937 },
  "1020": { "x": -51.353561132629935, "y": 238.78468371735997 },
  "1025": { "x": -84.27782489778893, "y": 194.79418176711047 },
  "1046": { "x": 29.481709809776294, "y": 90.26661469240982 },
  "1048": { "x": 71.82906916051044, "y": 34.27918764336368 },
  "1050": { "x": 104.288708604036, "y": -9.815491274947377 },
  "1059": { "x": -22.15423705211612, "y": -147.64920444498648 },
  "1061": { "x": -55.19051577528121, "y": -189.0026278079544 },
  "1062": { "x": 91.38664542632945, "y": -125.61669950297123 },
  "1063": { "x": -133.83248101773853, "y": -27.49326410619796 },
  "1065": { "x": -3.1775668066479246, "y": 252.7216066978794 },
  "1070": { "x": 46.051535702161914, "y": 125.75234971028728 },
  "1072": { "x": 92.67197532143796, "y": 95.05609709271369 },
  "1084": { "x": 41.17022915154481, "y": -185.2566028174946 }
}
