{
  "0": { "x": 102.96823320577022, "y": -177.4307159591957 },
  "1": { "x": 140.04700933228452, "y": -154.03087920749903 },
  "2": { "x": -81.94250677868277, "y": -26.95897021967271 },
  "3": { "x": -62.9721396000905, "y": -70.9482170050267 },
  "4": { "x": -166.58832727969812, "y": 92.80076193910052 },
  "5": { "x": -101.85373316528471, "y": 167.9044578640043 },
  "6": { "x": -80.16073038337628, "y": 75.21502213995689 },
  "7": { "x": -106.40534477400873, "y": 118.6812691931501 },
  "8": { "x": -12.067322530509228, "y": 110.58684374905754 },
  "9": { "x": 64.90388551138406, "y": -67.73769865012696 },
  "10": { "x": 41.39540066898988, "y": 172.36749132781554 },
  "11": { "x": 40.65269934243249, "y": 139.92935038651407 },
  "12": { "x": -160.79193566809627, "y": 61.63937186265858 },
  "13": { "x": 202.85324463601728, "y": 49.69419610740394 },
  "14": { "x": -127.16579683391664, "y": -3.7699976923279976 },
  "15": { "x": -36.52545043682351, "y": -88.4182734493203 },
  "16": { "x": 21.26957406686366, "y": 27.072938415142247 },
  "17": { "x": -39.38853671548, "y": 31.420305404031176 },
  "18": { "x": 161.75726857568995, "y": 4.3311158629848014 },
  "19": { "x": 145.9519037233335, "y": -120.30458992611506 },
  "20": { "x": -41.083806898696416, "y": -171.13291793960983 },
  "21": { "x": -123.71675545977033, "y": -148.26045572894031 },
  "22": { "x": 47.670621706032065, "y": -204.89991807703356 },
  "23": { "x": 12.5850158287503, "y": -188.85813858790482 },
  "24": { "x": -175.2412760388475, "y": -50.8742294451339 },
  "25": { "x": -66.5063785269022, "y": 162.5903070193399 },
  "26": { "x": -116.67171645856342, "y": 195.92333937504202 },
  "27": { "x": 63.57255013234239, "y": 217.84512176103607 },
  "28": { "x": 76.55199195407917, "y": -1.3654211408844323 },
  "29": { "x": -11.04795419010102, "y": 204.31067800034631 },
  "30": { "x": -125.192788445404, "y": -81.50642229687723 },
  "31": { "x": 81.82279745472484, "y": 80.15041300040423 },
  "32": { "x": 135.8690111159428, "y": -52.69731123682589 },
  "33": { "x": 154.40184939335867, "y": -80.83787076779569 },
  "34": { "x": 169.75302547087938, "y": 103.10438123923127 },
  "35": { "x": 107.66687017959373, "y": 16.788893963762394 },
  "36": { "x": -96.04568598946508, "y": -185.00423552521488 },
  "37": { "x": -156.465251803705, "y": -76.34276279498326 },
  "38": { "x": 191.87248012482854, "y": 14.215669127128846 },
  "39": { "x": -177.43430879414356, "y": -19.303825689012637 },
  "40": { "x": 117.44892636623759, "y": 140.89968947672543 },
  "41": { "x": 21.71884715754587, "y": -135.5744243648392 },
  "42": { "x": -134.87233758298066, "y": 26.974741703231132 },
  "1000": { "x": 0, "y": 325 },
  "1001": { "x": -0.02916420144985651, "y": 152.32599224441125 },
  "1002": { "x": 6.711272810375718, "y": 71.84511476949015 },
  "1004": { "x": 9.163912982264193, "y": -11.109225251705778 },
  "1005": { "x": 14.049300190495337, "y": -79.66506614668329 },
  "1006": { "x": 59.23378987592409, "y": -111.21419299190269 },
  "1007": { "x": 99.88097889911766, "y": -132.56197601799477 },
  "1009": { "x": -41.1110332061227, "y": 79.73940037048658 },
  "1010": { "x": -87.51393703344068, "y": 17.01904600887369 },
  "1013": { "x": -20.9310114578129, "y": -46.54834535739456 },
  "1017": { "x": -57.60414693118207, "y": 119.21444425892099 },
  "1018": { "x": -116.59058327251257, "y": 90.06922764744638 },
  "1020": { "x": -29.097887308453124, "y": 247.1257439301381 },
  "1025": { "x": -67.52437382013196, "y": 206.22358447089834 },
  "1046": { "x": 69.53442750164643, "y": 130.1286311417318 },
  "1048": { "x": 124.96196514309132, "y": 93.6306432825818 },
  "1050": { "x": 158.73841069523667, "y": 52.00864664332031 },
  "1059": { "x": -29.391499148142657, "y": -125.23269842407159 },
  "1061": { "x": -76.89909591382182, "y": -145.6787404122936 },
  "1062": { "x": 51.446573990985314, "y": -160.18969050210174 },
  "1063": { "x": -127.1722491768691, "y": -32.83210298100684 },
  "1065": { "x": 26.40806710010228, "y": 255.7937603134356 },
  "1070": { "x": 37.678991882098764, "y": 99.75022200306368 },
  "1072": { "x": 68.14986238179665, "y": 46.49683030649449 },
  "1084": { "x": 103.77547457559857, "y": -86.47386847560671 }
}
