{
  "0": { "x": 90.46851564278859, "y": -97.7479032451401 },
  "1": { "x": 83.76582885004517, "y": -76.82647201383286 },
  "2": { "x": -67.37686148135755, "y": -13.86631646775603 },
  "3": { "x": -45.05845833130782, "y": -103.39000866310573 },
  "4": { "x": -66.37000108636241, "y": -76.52632930154383 },
  "5": { "x": -66.47841914489229, "y": -98.50196448776816 },
  "6": { "x": -38.196480187104775, "y": -13.748185741146319 },
  "7": { "x": -54.671840771461625, "y": 77.79568580624007 },
  "8": { "x": -6.596614323677182, "y": 6.07521745625844 },
  "9": { "x": -26.225022122307067, "y": 15.957823571768815 },
  "10": { "x": 14.893151291676396, "y": 71.47854415290095 },
  "11": { "x": 7.342365630571334, "y": 36.355141176333824 },
  "12": { "x": 26.68835624165186, "y": -97.328557716939 },
  "13": { "x": -6.804605590683957, "y": 68.33476888872025 },
  "14": { "x": -15.389247694481396, "y": 48.10498356531206 },
  "15": { "x": 23.49008691161984, "y": 51.261226767943526 },
  "16": { "x": -17.982902389477466, "y": -22.37092128505325 },
  "17": { "x": 88.49724627909988, "y": -14.059407038935099 },
  "18": { "x": -83.78931098040933, "y": 20.397708264957387 },
  "19": { "x": -46.451824741512944, "y": 113.0838375423487 },
  "20": { "x": -27.63041072423536, "y": -83.64803647567796 },
  "21": { "x": 11.738593906079123, "y": -14.172382326161927 },
  "22": { "x": -55.62748833903898, "y": 32.39085757420074 },
  "23": { "x": 109.23421810264418, "y": -6.9699042541921346 },
  "24": { "x": 75.53165166627515, "y": -113.85507122964498 },
  "25": { "x": -12.049305612356351, "y": -111.1319578549715 },
  "26": { "x": -16.142566958835463, "y": -133.8281306789285 },
  "27": { "x": 40.75419109108575, "y": -114.21223949475106 },
  "28": { "x": -107.39603685268395, "y": 0.05036817269004157 },
  "29": { "x": -62.669339389137875, "y": 98.25371579095501 },
  "30": { "x": -32.96754085304492, "y": 81.18744277673706 },
  "31": { "x": 35.10516473562687, "y": 109.7183320904821 },
  "32": { "x": 43.603545981874305, "y": -20.170955635885928 },
  "33": { "x": -2.7640722427246467, "y": 104.37029710304046 },
  "34": { "x": -101.04140401022877, "y": -41.62598635101295 },
  "35": { "x": 42.28335446527374, "y": 19.321238716679805 },
  "36": { "x": 59.411489256735955, "y": -77.35925948858578 },
  "37": { "x": 38.13840060304474, "y": -71.8460032789594 },
  "38": { "x": 89.86642599780357, "y": 32.34981277671511 },
  "39": { "x": 60.01144252518413, "y": -5.551748155047933 },
  "40": { "x": 5.512178336191281, "y": -137.29049516232274 },
  "41": { "x": -80.84497931188874, "y": -32.96737983735235 },
  "42": { "x": 108.15514313035455, "y": 14.942001196404322 },
  "43": { "x": -110.20851405010877, "y": -21.68950791105246 },
  "44": { "x": 58.268165699109126, "y": 52.28138239643254 },
  "45": { "x": 58.0047713078692, "y": -100.6003997655213 },
  "46": { "x": -85.49982191082599, "y": -1.47489524105482 },
  "1000": { "x": 0, "y": 137.75 },
  "1001": { "x": 3.2914078262255626, "y": 52.66404528953492 },
  "1002": { "x": 6.3129242225204845, "y": 7.067087950051692 },
  "1004": { "x": 0.010050428233573553, "y": -44.063166897567065 },
  "1005": { "x": 16.320651386510477, "y": -76.23511437550233 },
  "1006": { "x": 43.27134648809538, "y": -89.63600171570918 },
  "1007": { "x": 68.68623045515436, "y": -92.7772167349621 },
  "1009": { "x": -34.58715611962632, "y": 31.731355289452782 },
  "1010": { "x": -68.16561638466146, "y": 5.566503112394004 },
  "1013": { "x": -24.972905399660892, "y": -65.48722728532589 },
  "1015": { "x": -47.37614921558642, "y": -82.64745172116709 },
  "1017": { "x": -8.896171958734476, "y": 26.887377033372093 },
  "1018": { "x": -20.99372397865176, "y": 0.03476114392404859 },
  "1020": { "x": -18.85847668732832, "y": 114.51950347792499 },
  "1025": { "x": -39.39514464405406, "y": 97.67731758010405 },
  "1056": { "x": 38.37723879638893, "y": 44.03480548987115 },
  "1058": { "x": 70.76925059699587, "y": 26.02229279107641 },
  "1060": { "x": 91.01471491471708, "y": 6.81236883276769 },
  "1069": { "x": 3.6721900402843635, "y": -100.19439935098416 },
  "1071": { "x": 0.007426981343138872, "y": -122.46320783609247 },
  "1073": { "x": -90.46284789735307, "y": -15.071658228379649 },
  "1075": { "x": 17.618510926177535, "y": 122.16886827380397 },
  "1080": { "x": 23.379603547509287, "y": 28.37417295914469 },
  "1082": { "x": 39.298279683603795, "y": 1.7413111093374967 }
}
