{
  "0": { "x": -0.0006246010680813239, "y": -230.8536334565599 },
  "1": { "x": 39.81885400851623, "y": -228.55844698267177 },
  "2": { "x": -152.5608881745235, "y": -0.5601845707601258 },
  "3": { "x": -103.7666732655932, "y": -201.4510090199502 },
  "4": { "x": -143.94249475537237, "y": -161.80353331298238 },
  "5": { "x": -134.44156978970094, "y": -192.35308460516583 },
  "6": { "x": -163.57668220698437, "y": 47.64972032574851 },
  "7": { "x": -147.75869789104948, "y": 167.8764207813738 },
  "8": { "x": -112.56815375318351, "y": 70.10994514431067 },
  "9": { "x": -139.30036652785336, "y": 101.93641534570057 },
  "10": { "x": -32.33360314617506, "y": 110.17190538530457 },
  "11": { "x": 3.4076629717515785, "y": 161.66716161361228 },
  "12": { "x": -49.414438098655324, "y": -171.4643000936082 },
  "13": { "x": -5.9409203756991955, "y": 128.26016927763115 },
  "14": { "x": -63.399877425397534, "y": 117.83086330456022 },
  "15": { "x": -138.3102515916302, "y": 28.071445796409304 },
  "16": { "x": 96.56190751273454, "y": -26.94059622882643 },
  "17": { "x": -104.06829359169305, "y": -38.1496407870683 },
  "18": { "x": -95.28937222799608, "y": 156.43638717164524 },
  "19": { "x": -105.96834247999989, "y": -128.29428680955294 },
  "20": { "x": -24.692644437567424, "y": 16.31012039620501 },
  "21": { "x": -75.47096005110998, "y": 27.470125541038605 },
  "22": { "x": 29.462644114011695, "y": -51.35085008110819 },
  "23": { "x": 65.01718162154516, "y": -198.31242346682208 },
  "24": { "x": 74.2653785556996, "y": -137.63731786232808 },
  "25": { "x": 128.3167642152031, "y": -85.06828211980256 },
  "26": { "x": -47.901215225041234, "y": -139.50653608685437 },
  "27": { "x": -157.67216716189657, "y": -104.25418849357253 },
  "28": { "x": -125.23797609755266, "y": 145.1723091277531 },
  "29": { "x": -146.1288608234869, "y": 199.82630139988964 },
  "30": { "x": -2.132142511589328, "y": 224.61531326462094 },
  "31": { "x": 115.39024955079175, "y": 89.38795957908027 },
  "32": { "x": -63.284898848782895, "y": 206.86724981318136 },
  "33": { "x": -102.89950865068111, "y": -72.86350853953715 },
  "34": { "x": 48.12747068432806, "y": 92.94491345165036 },
  "35": { "x": 1.5243221774461406, "y": -190.96183796442958 },
  "36": { "x": -29.92527082798463, "y": -196.83678017793596 },
  "37": { "x": 75.07028362039102, "y": 13.554959777077018 },
  "38": { "x": 95.73698659443043, "y": 64.13825495959222 },
  "39": { "x": 130.07188295310073, "y": -124.02723860673926 },
  "40": { "x": -163.024925565047, "y": -72.70771259862634 },
  "41": { "x": 74.75131788608566, "y": -51.81558961791289 },
  "42": { "x": -127.753110053559, "y": -93.01535276604932 },
  "43": { "x": 10.406254102866665, "y": 49.447398265945935 },
  "44": { "x": 34.718355705172385, "y": -155.4280213784472 },
  "45": { "x": -142.1293290002948, "y": -30.802352330852038 },
  "1000": { "x": -50, "y": 339 },
  "1001": { "x": -40.59812307596633, "y": 155.55916687207284 },
  "1002": { "x": -36.35086741204284, "y": 64.22949326314564 },
  "1004": { "x": -37.17709858323122, "y": -35.3671733245424 },
  "1005": { "x": -7.969473753784976, "y": -94.44407083938574 },
  "1006": { "x": -7.052212134304174, "y": -148.82603763036104 },
  "1007": { "x": 21.764615764209623, "y": -187.72280273107648 },
  "1009": { "x": -73.31490979486992, "y": 76.26676110958725 },
  "1010": { "x": -111.26362502104216, "y": 4.211215846803948 },
  "1013": { "x": -69.23006005550485, "y": -99.1979608788385 },
  "1015": { "x": -100.50879664714614, "y": -154.16199539598884 },
  "1017": { "x": -90.88582816449232, "y": 113.35569338894469 },
  "1018": { "x": -137.74582881303652, "y": 77.36863651448056 },
  "1020": { "x": -76.6146519814053, "y": 252.30766336170615 },
  "1025": { "x": -107.44879234142877, "y": 197.34725861354826 },
  "1051": { "x": -2.777286282735747, "y": 94.1381135994783 },
  "1053": { "x": 32.94480760583392, "y": 34.32708305550498 },
  "1055": { "x": 51.60267636239323, "y": -14.216769462541958 },
  "1064": { "x": 41.571607635401364, "y": -106.30705144804266 },
  "1066": { "x": 89.72242120346164, "y": -106.47031167834474 },
  "1068": { "x": -139.1319748725029, "y": -48.60984733451069 },
  "1070": { "x": -30.60752935383383, "y": 271.102156521012 },
  "1075": { "x": 18.788313160079085, "y": 130.8074169681108 },
  "1077": { "x": 72.07422439154682, "y": 107.68094108546606 }
}
