{"0":{"x":0,"y":136.5},"1":{"x":54.082461948100395,"y":-27.497025250252005},"8":{"x":39.98922892335819,"y":-51.29302541642294},"10":{"x":111.47634693781004,"y":-212.5101301338794},"11":{"x":180.6389935070146,"y":-209.88705802004282},"12":{"x":237.63057717322627,"y":-209.36620200257343},"14":{"x":249.07263402108813,"y":-174.42450376712551},"15":{"x":283.4509096538934,"y":-145.0014530440632},"16":{"x":251.6013711408066,"y":-142.26647028486798},"17":{"x":281.0337682405712,"y":-176.8784069073522},"18":{"x":284.62195144640475,"y":-232.08709447505916},"20":{"x":301.020907507366,"y":-263.47883300649454},"21":{"x":327.0583232726649,"y":-251.0493456789583},"22":{"x":356.0710940759708,"y":-278.5948667491331},"23":{"x":346.06095709847165,"y":-219.68761611074223},"24":{"x":326.1629994599284,"y":-289.8648864713194},"25":{"x":362.25977952886063,"y":-247.24635687656937},"27":{"x":276.77590047990213,"y":-200.48226204260231},"28":{"x":312.8594460175244,"y":-173.86878552994457},"29":{"x":313.8292497240774,"y":-205.8210237419255},"31":{"x":248.06101167459582,"y":-240.77148503711012},"32":{"x":269.8045832794941,"y":-270.33955353256397},"33":{"x":237.8645407061507,"y":-271.6509369824823},"36":{"x":170.51758887326733,"y":-239.8703811699083},"37":{"x":201.9332174554329,"y":-245.2752792936772},"38":{"x":147.42371754072082,"y":-262.09975077663773},"39":{"x":125.74713737405517,"y":-363.01418148832744},"41":{"x":162.29962813925482,"y":-354.30477850884876},"42":{"x":187.1653275946459,"y":-326.96667125188725},"43":{"x":224.69519489562603,"y":-319.3650156993623},"44":{"x":171.36639948187832,"y":-296.6602849324013},"45":{"x":203.3131808870125,"y":-295.61044608637127},"46":{"x":152.08592587833655,"y":-322.15474254251615},"47":{"x":193.21992179739664,"y":-373.3147084554968},"48":{"x":227.66990941736748,"y":-382.4503025509255},"49":{"x":221.27746718013356,"y":-351.1313440406775},"50":{"x":164.42696826173116,"y":-392.7779803128627},"51":{"x":207.97137117101514,"y":-407.61689217450066},"53":{"x":115.41359692501679,"y":-393.68675524534206},"54":{"x":123.1645841692679,"y":-426.62994861917775},"55":{"x":88.00589776664287,"y":-428.0464191052668},"56":{"x":145.7171129857647,"y":-452.5606082772524},"58":{"x":82.12352847745292,"y":-392.54916165454654},"59":{"x":185.0799300659421,"y":-410.30806134991496},"60":{"x":249.57612317854387,"y":-411.05136938313944},"61":{"x":272.2463362282647,"y":-375.3240948335219},"62":{"x":273.61961088036094,"y":-338.60944016511127},"63":{"x":304.04560785374423,"y":-348.3503970278839},"64":{"x":292.00296719436164,"y":-394.8974966180261},"65":{"x":327.2944940852613,"y":-370.2579778489576},"66":{"x":336.13619882547283,"y":-400.97386902995345},"67":{"x":255.62035262750143,"y":-445.9957913737767},"68":{"x":241.59209117173046,"y":-474.7888819407861},"69":{"x":273.3597242943273,"y":-478.2369302828222},"70":{"x":283.58234542418444,"y":-434.15869742334456},"71":{"x":307.73469991446467,"y":-415.64657975288344},"72":{"x":303.6478500605768,"y":-468.0581203709737},"73":{"x":323.8238376783732,"y":-443.2626456661601},"74":{"x":198.83823884938752,"y":-461.2307099923719},"75":{"x":196.05078903703603,"y":-497.9934611474914},"76":{"x":180.5241500437051,"y":-526.1538702111625},"77":{"x":211.2986393079684,"y":-534.7249820162392},"78":{"x":225.61003848566838,"y":-499.8717254932679},"79":{"x":262.31632942717096,"y":-514.6412093092307},"80":{"x":242.82330635976723,"y":-539.9771144005804},"81":{"x":98.33411236873339,"y":-461.2417758471951},"82":{"x":67.95759480386317,"y":-540.0731394716624},"83":{"x":32.12676733528536,"y":-583.910950452328},"84":{"x":-10.665392903035098,"y":-588.8376521124483},"85":{"x":21.772671339484237,"y":-633.7688360258776},"86":{"x":18.49124105058658,"y":-601.9490731022296},"87":{"x":-7.423377478472589,"y":-620.665872787192},"88":{"x":66.88253102116845,"y":-588.5034051057971},"89":{"x":84.65428097506465,"y":-625.6135013388016},"90":{"x":52.68738325850318,"y":-625.6726350752192},"91":{"x":50.76114956697908,"y":-477.7832051537581},"93":{"x":16.908113129379075,"y":-474.98817153059446},"94":{"x":14.50742381854259,"y":-515.4625037744979},"95":{"x":19.890251348373717,"y":-550.3169639699329},"96":{"x":-11.993591738791936,"y":-552.5586709447867},"97":{"x":-20.919580164438667,"y":-521.8631863292956},"99":{"x":80.59648669226021,"y":-488.81598352662405},"100":{"x":115.1822501878346,"y":-487.4904645383039},"101":{"x":68.01857751007476,"y":-521.61227028697},"102":{"x":99.84216422264608,"y":-518.6810598508848},"103":{"x":45.14389223352945,"y":-499.28787254744583},"104":{"x":126.57899237737116,"y":-517.4093681580149},"106":{"x":150.6890277935494,"y":-537.5806121713373},"107":{"x":120.9960721041362,"y":-564.3296867067444},"108":{"x":101.53051925628267,"y":-596.2864546356666},"109":{"x":132.2229312433712,"y":-605.2040220016863},"110":{"x":153.83267340297633,"y":-559.7862088383025},"111":{"x":163.5754420979962,"y":-599.0126517806643},"112":{"x":188.2749407822192,"y":-578.7192831666124},"117":{"x":-15.513954877948354,"y":87.70932835537809},"118":{"x":-6.993903589067752,"y":48.970093118969515},"119":{"x":-10.9851469464179,"y":11.216565861382971},"120":{"x":-1.9042145069672092,"y":-24.364118765677883},"121":{"x":-32.93253142351894,"y":-16.67454170314612},"122":{"x":20.516901437804727,"y":-0.17932320964483572},"124":{"x":24.518650999105507,"y":39.404572413029115},"125":{"x":-53.703087852221685,"y":68.69366663529026},"127":{"x":-45.664429573239154,"y":36.75753298445589},"128":{"x":-89.39901194631652,"y":51.76915675330924},"129":{"x":-130.12797755145726,"y":43.1713080213352},"130":{"x":-115.40191907714338,"y":71.53892473078234},"131":{"x":-107.49922832489766,"y":20.603214228590666},"132":{"x":-75.53421637974093,"y":20.25100199130542},"134":{"x":50.65763345711513,"y":62.17386555083171},"135":{"x":84.20146523763378,"y":-1.5557934061480263},"136":{"x":92.59073100738729,"y":-52.23618469651951},"137":{"x":113.21335004737381,"y":-95.5477093935002},"138":{"x":110.02327428622715,"y":-136.11050700519314},"139":{"x":125.84384822026598,"y":-168.5003107076219},"140":{"x":159.75237793874877,"y":-180.95803395022523},"141":{"x":134.82371241978862,"y":-200.96922283088472},"143":{"x":87.15928153900472,"y":-163.00233673317055},"145":{"x":144.98451660261998,"y":-117.45259251040113},"146":{"x":158.2179471364151,"y":-149.03903244979813},"147":{"x":182.05233693902662,"y":-127.74179581197423},"150":{"x":70.03252745914901,"y":-80.59087822106295},"151":{"x":79.12623035469204,"y":-114.16577900557036},"152":{"x":32.9289705646275,"y":-82.45870390601509},"153":{"x":47.324415442835324,"y":-111.00090438158544},"154":{"x":125.92785377513411,"y":-32.422309993139244},"155":{"x":169.1034268414464,"y":-59.758758229737225},"157":{"x":209.03987903672768,"y":-82.74877496396374},"158":{"x":217.06400389670486,"y":-118.6179740250636},"159":{"x":245.6506655194645,"y":-104.32877199707241},"162":{"x":182.41739552380938,"y":-90.79646209676248},"166":{"x":135.35475470980043,"y":-63.66904555931693},"167":{"x":92.0494647789073,"y":27.647485699318846},"171":{"x":112.93753984181511,"y":50.38165020219927},"172":{"x":142.71506499095918,"y":44.418427085863634},"173":{"x":84.82831797879253,"y":64.77898337957252},"174":{"x":138.25886519558935,"y":-0.041953660780640736},"177":{"x":169.40785146197922,"y":-1.22191382343014},"178":{"x":174.45615669208297,"y":30.63331499972763},"179":{"x":201.18313654997564,"y":13.09608038676318},"180":{"x":188.76762416940323,"y":-25.1753721530656},"183":{"x":222.0164543347232,"y":-14.069015272669022},"185":{"x":232.8885751701839,"y":-42.76321872128615},"186":{"x":276.7778992465493,"y":-60.92214493696642},"187":{"x":265.5080910757605,"y":-31.00784703797783},"188":{"x":246.94188175646022,"y":-72.39788915436712},"189":{"x":-62.85629495654326,"y":-62.17441361305004},"190":{"x":-82.73581386075814,"y":-214.28480104140817},"191":{"x":-117.38734831859642,"y":-353.7076504128137},"192":{"x":-97.82973962502192,"y":-390.1687619757806},"193":{"x":-88.8417632808099,"y":-430.7387671031995},"196":{"x":-61.797732453450124,