{"0":{"x":0,"y":136.5},"1":{"x":50.91717508802509,"y":-33.23005750416941},"8":{"x":51.581532251507866,"y":0.007056535960456613},"10":{"x":109.01751761319626,"y":-219.4526184237843},"11":{"x":179.57626807834043,"y":-216.42172670127104},"12":{"x":239.59410326428724,"y":-218.54770665978248},"14":{"x":251.5644456172458,"y":-184.83507753022715},"15":{"x":284.71245118372354,"y":-152.9084782699303},"16":{"x":252.75024927794297,"y":-153.56001078334248},"17":{"x":284.4909809019069,"y":-184.87793941528875},"18":{"x":286.5199135245521,"y":-239.99355315058565},"20":{"x":304.7053971689554,"y":-269.6090957399912},"21":{"x":329.3096453553679,"y":-258.6005205372738},"22":{"x":355.4940217049324,"y":-288.7930102163985},"23":{"x":350.5392316344182,"y":-229.1807658495174},"24":{"x":324.7720472126194,"y":-297.61498405579437},"25":{"x":364.2507428156502,"y":-258.0593203947737},"27":{"x":279.8254009284951,"y":-208.56192901600602},"28":{"x":316.130544394086,"y":-180.29714176642585},"29":{"x":317.38884721949205,"y":-212.24073465042042},"31":{"x":251.2014397753259,"y":-250.3880154455232},"32":{"x":274.5900288413807,"y":-280.3094690367988},"33":{"x":242.67746847250146,"y":-282.19757460090386},"36":{"x":160.1150505868712,"y":-242.41344691716714},"37":{"x":195.387592840198,"y":-239.27888353987106},"38":{"x":180.40756234657303,"y":-267.5202562894415},"39":{"x":119.37803042094409,"y":-371.0481006665494},"41":{"x":156.2650522502185,"y":-361.68754882719014},"42":{"x":183.3730218343257,"y":-336.04959013360656},"43":{"x":222.55980804695346,"y":-329.2692830023696},"44":{"x":170.5346738783641,"y":-304.5455807655888},"45":{"x":202.49825153940208,"y":-304.39381309651935},"46":{"x":149.16291606136403,"y":-328.31390904156217},"47":{"x":187.46128051940633,"y":-381.16992874635315},"48":{"x":223.10577356942866,"y":-391.3181071100966},"49":{"x":215.18794582338347,"y":-360.35155797925637},"50":{"x":158.42927814038956,"y":-400.0626718792007},"51":{"x":203.21258951940018,"y":-416.3306310979139},"53":{"x":102.89811586521165,"y":-398.2712583542754},"54":{"x":107.77925512616376,"y":-430.33814086185},"55":{"x":115.8249130441015,"y":-462.50302792305496},"56":{"x":140.53090097520072,"y":-442.2153318601493},"58":{"x":72.55879342617501,"y":-410.6981434776931},"59":{"x":181.63052522707827,"y":-416.39590715832094},"60":{"x":247.9068611287805,"y":-418.2262988425733},"61":{"x":268.07657560862606,"y":-382.99877724546815},"62":{"x":267.39178931168095,"y":-346.7480990405148},"63":{"x":297.91798703891516,"y":-356.17188846354185},"64":{"x":290.83753652594396,"y":-401.4788733277021},"65":{"x":324.4410867495801,"y":-373.98178083805755},"66":{"x":335.1274509866194,"y":-404.10371913945914},"67":{"x":254.34318560151942,"y":-453.8500853298688},"68":{"x":237.7518247418287,"y":-481.22629040556967},"69":{"x":268.6976394348943,"y":-489.2028944790839},"70":{"x":282.7324161634225,"y":-439.09899975709783},"71":{"x":310.52232621123073,"y":-424.50397159763855},"72":{"x":296.95455675433317,"y":-474.2914591377949},"73":{"x":321.94541786748505,"y":-454.3557296556059},"74":{"x":194.9381191171152,"y":-467.16905221898236},"75":{"x":190.21908285834388,"y":-502.92363052881444},"76":{"x":171.49446176859155,"y":-527.094155900056},"77":{"x":200.4610754765195,"y":-540.5866029749561},"78":{"x":219.73453023945524,"y":-507.1537291498602},"79":{"x":254.22202963846527,"y":-525.779470592448},"80":{"x":231.48886712832808,"y":-548.2556752279155},"81":{"x":84.42680237169091,"y":-470.391354984218},"82":{"x":43.93186928700203,"y":-544.9307336934093},"83":{"x":5.976021859188489,"y":-591.898245949958},"84":{"x":-43.31254905897775,"y":-599.9553469787896},"85":{"x":-1.0393042029361517,"y":-635.8056335419059},"86":{"x":-11.849754912533218,"y":-605.6962820710396},"87":{"x":-32.51764610674048,"y":-630.0851058152327},"88":{"x":42.685936455667765,"y":-591.3670005783042},"89":{"x":62.06263107761697,"y":-626.6203809762839},"90":{"x":30.191826974436776,"y":-629.0904399353785},"91":{"x":38.612836254684304,"y":-492.27205620135624},"93":{"x":5.434316855275854,"y":-498.00091336026355},"94":{"x":0.6272605101931279,"y":-527.9173614247194},"95":{"x":-0.5941953445384073,"y":-562.3171690865429},"96":{"x":-32.53013116895205,"y":-560.9469624408418},"97":{"x":-35.95672239361309,"y":-529.1627694583547},"99":{"x":75.66610583877441,"y":-503.5984782262523},"100":{"x":110.53619368753243,"y":-498.07345871380664},"101":{"x":66.0870552449365,"y":-541.8958557781682},"102":{"x":96.88728215352931,"y":-533.3365158414912},"103":{"x":44.88037130934355,"y":-517.9869966896754},"104":{"x":116.02837757703992,"y":-527.0613137265086},"106":{"x":144.69731074363622,"y":-544.5150492978217},"107":{"x":108.4565629604843,"y":-575.054885133963},"108":{"x":86.72366144421028,"y":-606.3152768810601},"109":{"x":117.76610049679672,"y":-613.9364881506681},"110":{"x":141.25670301021935,"y":-569.4760579724701},"111":{"x":149.05436521330864,"y":-607.4089641263988},"112":{"x":175.14136892698423,"y":-588.9307421953464},"117":{"x":-20.350842464177504,"y":88.03969825205648},"118":{"x":-11.485416679987924,"y":50.804885369020994},"119":{"x":-11.088895979143457,"y":14.42401824379728},"120":{"x":-14.138732841060326,"y":-21.937770189880098},"121":{"x":-40.30986416354576,"y":-3.582174603496493},"122":{"x":14.601462746071002,"y":-7.942703092521777},"124":{"x":20.09927992165633,"y":42.931433353718774},"125":{"x":-57.86221369791914,"y":65.10590025928188},"127":{"x":-56.465617492101416,"y":32.45037369616218},"128":{"x":-92.75907510485635,"y":44.00497032294588},"129":{"x":-132.258337838332,"y":46.45782646599084},"130":{"x":-110.69223860010828,"y":70.0470674798656},"131":{"x":-119.99672430291554,"y":16.9409629071865},"132":{"x":-88.87277626980384,"y":9.641902130998618},"134":{"x":52.30646158921208,"y":61.83937252160752},"135":{"x":90.85511006977481,"y":-0.5710584937091107},"136":{"x":100.54009070764015,"y":-48.69714391831512},"137":{"x":122.43919408977415,"y":-93.52305230252522},"138":{"x":120.70012682169644,"y":-133.93560376968162},"139":{"x":129.42368303712723,"y":-168.61498236341478},"140":{"x":160.99132253403351,"y":-184.11408264422147},"141":{"x":129.42915144789765,"y":-201.2623159634195},"143":{"x":94.06114320381793,"y":-156.8721150291458},"145":{"x":154.46342853350373,"y":-117.6195145578236},"146":{"x":167.69298516389145,"y":-151.6219901252627},"147":{"x":191.1195990007371,"y":-129.8695140753644},"150":{"x":79.19813864533035,"y":-74.91416211760264},"151":{"x":89.98213640244796,"y":-107.65293668913348},"152":{"x":45.87274998036125,"y":-74.96321939984122},"153":{"x":58.173266772804766,"y":-104.47040054603686},"154":{"x":134.12299015362973,"y":-32.89322213054379},"155":{"x":177.65482031455147,"y":-64.4431072812682},"157":{"x":218.23190127925548,"y":-91.04382286327497},"158":{"x":236.0917875701075,"y":-123.40414911397997},"159":{"x":261.2396848366702,"y":-103.66822558133072},"162":{"x":193.0181102901246,"y":-93.88443016826312},"166":{"x":143.33737531684952,"y":-63.83039842423674},"167":{"x":96.59247944999984,"y":29.923954413233407},"171":{"x":110.10265566776896,"y":58.10029967305265},"172":{"x":140.14967620825874,"y":47.05304849432142},"173":{"x":80.17546061425051,"y":69.02359051729674},"174":{"x":142.22857402865793,"y":1.5588911689686957},"177":{"x":175.0350228203707,"y":1.151303169401272},"178":{"x":179.2213740445006,"y":32.52221504425486},"179":{"x":208.27277063115784,"y":11.16385049450817},"180":{"x":186.9831202350596,"y":-26.760919375691532},"183":{"x":220.4568674281387,"y":-19.113144304828566},"185":{"x":229.03062024162006,"y":-44.88014360969634},"186":{"x":271.934820523653,"y":-59.26124249389427},"187":{"x":260.49793530174776,"y":-29.41268304633251},"188":{"x":244.84192767616614,"y":-76.22622278377787},"189":{"x":-63.689827048405526,"y":-57.24287854607615},"190":{"x":-73.39480803929659,"y":-201.5574369186782},"191":{"x":-99.92763072726004,"y":-333.5193392223943},"192":{"x":-79.20548444759726,"y":-372.80644581152876},"193":{"x":-83.6196018176903,"y":-413.839104851444},"196":{"x":-61.21309623277283,