{
  "0": { "x": 38.680063376699614, "y": -211.59729483346575 },
  "1": { "x": 68.45721693655295, "y": -199.88809143781978 },
  "2": { "x": -161.59185146619205, "y": 10.749875601535543 },
  "3": { "x": -130.98726155005704, "y": -153.82177990642197 },
  "4": { "x": -172.26246718412065, "y": -114.05804309423556 },
  "5": { "x": -161.49839959417582, "y": -144.1899308292895 },
  "6": { "x": -178.68963875589395, "y": 80.11155549821683 },
  "7": { "x": -156.58010016844185, "y": 163.43591992909623 },
  "8": { "x": -95.34138112838113, "y": 72.53586446800149 },
  "9": { "x": -124.26156643073242, "y": 105.60995130022857 },
  "10": { "x": -31.731358159793093, "y": 116.49553523436812 },
  "11": { "x": 21.366318433772797, "y": -93.7214105937692 },
  "12": { "x": 9.62331418578309, "y": 162.86256506248975 },
  "13": { "x": -2.960880086114387, "y": 131.67885422391714 },
  "14": { "x": -167.08266191232866, "y": 50.29421326067601 },
  "15": { "x": 130.050851507002, "y": -9.467772083130503 },
  "16": { "x": -93.93296693407132, "y": -18.463233499929053 },
  "17": { "x": -94.51267276898332, "y": 163.8183371989799 },
  "18": { "x": -78.04221423687905, "y": -112.56759242872386 },
  "19": { "x": -17.169725218076945, "y": 24.72186811425613 },
  "20": { "x": -65.47987594120498, "y": 37.04549687779714 },
  "21": { "x": 116.18858255383401, "y": -38.30554226713678 },
  "22": { "x": 82.64162086492777, "y": -171.20711351244222 },
  "23": { "x": -66.0606326930829, "y": -188.13647353270505 },
  "24": { "x": -138.86420115116442, "y": -204.9580564767955 },
  "25": { "x": 90.11386875325321, "y": -103.9375039931887 },
  "26": { "x": 95.84954338255001, "y": -135.41603391609382 },
  "27": { "x": -187.41017875507472, "y": -66.76277469606394 },
  "28": { "x": -125.49974109276337, "y": 155.84353900405986 },
  "29": { "x": -161.69486124802722, "y": 195.01972642022793 },
  "30": { "x": -3.832949403593777, "y": 227.53925317318522 },
  "31": { "x": 110.2699900628112, "y": 77.28713952244141 },
  "32": { "x": -65.39817044838496, "y": 210.0720121737543 },
  "33": { "x": -155.42236960291783, "y": -67.19755817907752 },
  "34": { "x": 66.94314373399254, "y": 121.47290267192405 },
  "35": { "x": -28.32392854571417, "y": -219.3331736976434 },
  "36": { "x": 2.1517729737219753, "y": -229.07097831075865 },
  "37": { "x": 46.82229804382398, "y": -9.26705406336082 },
  "38": { "x": 92.59866110363416, "y": 50.61280837136354 },
  "39": { "x": -107.30017300569094, "y": -227.91019770900405 },
  "40": { "x": -195.65352822696713, "y": -4.42756643666923 },
  "41": { "x": 85.62617584481565, "y": -47.778403803319755 },
  "42": { "x": -197.4072484135543, "y": -36.376119559117434 },
  "43": { "x": 16.66527197662131, "y": 51.40441300820578 },
  "44": { "x": -24.06597357225499, "y": -162.92855312696824 },
  "45": { "x": -125.42050769659093, "y": -24.149232640290297 },
  "1000": { "x": -50, "y": 345 },
  "1001": { "x": -34.98228653797063, "y": 160.89295642843473 },
  "1002": { "x": -33.12816153447102, "y": 71.89074548489918 },
  "1004": { "x": -41.78763583160864, "y": -23.83580999695762 },
  "1005": { "x": -31.356816548124893, "y": -92.88167729011667 },
  "1006": { "x": 4.737491457867352, "y": -132.93485563312726 },
  "1007": { "x": 37.7975171650685, "y": -166.17461419767844 },
  "1009": { "x": -70.45997824899885, "y": 86.8705615660661 },
  "1010": { "x": -116.69845115381449, "y": 20.9993013568061 },
  "1013": { "x": -81.39449275918042, "y": -71.49302807168633 },
  "1015": { "x": -123.70093178899872, "y": -109.55535687612398 },
  "1017": { "x": -78.40908288960455, "y": 118.43797952902811 },
  "1018": { "x": -128.32412871976365, "y": 80.91343427799275 },
  "1020": { "x": -79.67597446735627, "y": 256.39384538882615 },
  "1025": { "x": -115.41367971488506, "y": 202.7052244411347 },
  "1046": { "x": 3.463935581527206, "y": 97.03553060253707 },
  "1048": { "x": 45.64843936684931, "y": 37.632776233650404 },
  "1050": { "x": 84.88725602355709, "y": -2.5125604341395897 },
  "1059": { "x": -63.17576190696998, "y": -142.7754287843239 },
  "1061": { "x": -97.63748589185039, "y": -183.435399089919 },
  "1062": { "x": 50.61784818207601, "y": -125.1616254280365 },
  "1063": { "x": -156.90950626017997, "y": -21.802817209446225 },
  "1065": { "x": -31.073447438235128, "y": 275.6111722167593 },
  "1070": { "x": 20.22020973858845, "y": 127.38792003940208 },
  "1072": { "x": 64.1208108699263, "y": 89.47605818193854 },
  "1084": { "x": -0.00026168480160475814, "y": -181.7404760955143 }
}
