{
  "0": { "x": 37.015878499749604, "y": -210.79843357078 },
  "1": { "x": 67.6926521314074, "y": -201.70282954941118 },
  "2": { "x": -166.22045977415522, "y": 8.809136450499075 },
  "3": { "x": -129.36462337897646, "y": -149.5574633871551 },
  "4": { "x": -172.0769969655907, "y": -111.49826601793926 },
  "5": { "x": -160.25784291010893, "y": -141.23211962603895 },
  "6": { "x": -177.2503959945272, "y": 77.07304891295631 },
  "7": { "x": -156.70208560541064, "y": 161.08586505231605 },
  "8": { "x": -93.23909338323719, "y": 69.76131030340044 },
  "9": { "x": -122.85974416670267, "y": 104.69599881179637 },
  "10": { "x": -2.007286507059782, "y": 133.5805745228802 },
  "11": { "x": -21.471767754346253, "y": -158.52654547936663 },
  "12": { "x": -30.522442664077175, "y": 116.35664202949037 },
  "13": { "x": 8.711620699810553, "y": 163.72734460059488 },
  "14": { "x": -163.00865339442038, "y": 48.42052335791078 },
  "15": { "x": 121.93659874030509, "y": -7.386798086051669 },
  "16": { "x": -99.71629360995898, "y": -20.909276357374395 },
  "17": { "x": -94.95717320131956, "y": 163.01914095386658 },
  "18": { "x": -86.62196756841841, "y": -112.88459754187382 },
  "19": { "x": -18.325977630635084, "y": 24.259851647174283 },
  "20": { "x": -66.5960353839645, "y": 35.904167752087154 },
  "21": { "x": 109.71085921958492, "y": -36.95566777749876 },
  "22": { "x": 84.5407809508226, "y": -174.07001949750483 },
  "23": { "x": -65.80877790838056, "y": -188.0725336460368 },
  "24": { "x": -138.6248172494444, "y": -203.02991305432994 },
  "25": { "x": 96.28248355654587, "y": -104.97833363166845 },
  "26": { "x": 100.51360815792026, "y": -136.69413470275487 },
  "27": { "x": -195.33319741527652, "y": -64.59745361718437 },
  "28": { "x": -125.56986380211231, "y": 153.71013310415728 },
  "29": { "x": -163.23766258909393, "y": 192.4063440681798 },
  "30": { "x": -4.247926650276753, "y": 227.84491082257722 },
  "31": { "x": 112.38970879310692, "y": 77.02257366815887 },
  "32": { "x": -68.49475581949955, "y": 209.5937881576027 },
  "33": { "x": -163.37626138361745, "y": -66.13902386305885 },
  "34": { "x": 67.00355736470009, "y": 122.1877644784336 },
  "35": { "x": -29.10593376783434, "y": -216.48123558141222 },
  "36": { "x": 1.0231150859337537, "y": -227.24382141217504 },
  "37": { "x": 35.05768072342167, "y": -12.35513263940692 },
  "38": { "x": 93.98967736531657, "y": 50.845612491792615 },
  "39": { "x": -108.62740550091793, "y": -226.88921833663844 },
  "40": { "x": -211.72918932567728, "y": -6.00630923911954 },
  "41": { "x": 79.54338960958815, "y": -47.619542790962115 },
  "42": { "x": -213.0698824892655, "y": -37.974902848691514 },
  "43": { "x": 31.374157091217466, "y": 62.538675639789496 },
  "44": { "x": 29.063245467103794, "y": -93.94267909569908 },
  "45": { "x": -131.3972933531928, "y": -25.393549783572194 },
  "1000": { "x": -50, "y": 345 },
  "1001": { "x": -36.03614562694294, "y": 160.57319259553776 },
  "1002": { "x": -34.13457544514044, "y": 70.93314699131966 },
  "1004": { "x": -41.33467352957521, "y": -24.16109135546858 },
  "1005": { "x": -28.74192082474633, "y": -92.8931604754658 },
  "1006": { "x": 9.180942433915616, "y": -131.1557929506775 },
  "1007": { "x": 40.40243552490702, "y": -165.5281240045925 },
  "1009": { "x": -72.76809517804624, "y": 85.9127161493725 },
  "1010": { "x": -121.39281425835074, "y": 19.589974981387748 },
  "1013": { "x": -80.49259322088366, "y": -70.77531255635782 },
  "1015": { "x": -124.55491498267278, "y": -104.8350272605887 },
  "1017": { "x": -77.92586502221192, "y": 117.2079737842457 },
  "1018": { "x": -126.81220526653733, "y": 80.39546844317206 },
  "1020": { "x": -81.42908038147212, "y": 255.86811108919167 },
  "1025": { "x": -117.31825757736709, "y": 201.1728193063624 },
  "1046": { "x": 0.00026913842003532037, "y": 96.44708959751286 },
  "1048": { "x": 36.54050870737183, "y": 34.299360436981885 },
  "1050": { "x": 76.1308908253738, "y": -3.696843839946244 },
  "1059": { "x": -60.81047569080866, "y": -142.70040881338355 },
  "1061": { "x": -96.7131188490133, "y": -182.84104093746362 },
  "1062": { "x": 55.84334629510025, "y": -125.49498687635284 },
  "1063": { "x": -166.7687611741405, "y": -20.444981450507914 },
  "1065": { "x": -31.49215199345063, "y": 275.69404872465714 },
  "1070": { "x": 20.238292247635226, "y": 127.06316543759017 },
  "1072": { "x": 66.52773787667738, "y": 90.62716863372628 },
  "1084": { "x": 0.00005332750649990423, "y": -179.5659002208262 }
}
