{"0":{"x":0,"y":156.5},"1":{"x":35.620369810254154,"y":55.38514372999291},"8":{"x":73.20103056065795,"y":50.33350592004365},"10":{"x":75.69275532924728,"y":-55.79978890744212},"11":{"x":141.6563325617871,"y":-51.72977851102549},"12":{"x":201.42286803518607,"y":-42.69385795739659},"14":{"x":199.61432005696506,"y":-1.3156673828650616},"15":{"x":227.9507114737558,"y":32.9495940274701},"16":{"x":196.37339605186503,"y":37.88657035529023},"17":{"x":239.6924029141543,"y":3.218111163244767},"18":{"x":252.0071241020081,"y":-39.43018263198435},"20":{"x":288.78067835130895,"y":-54.745225974599},"21":{"x":298.3630720994165,"y":-26.395214654446896},"22":{"x":334.9424932202099,"y":-40.25170781882129},"23":{"x":301.98463415927984,"y":18.513126431530726},"24":{"x":318.1217735104057,"y":-67.43650602724001},"25":{"x":328.97350908700747,"y":1.3798109311295916},"27":{"x":236.5523099990612,"y":-17.996172716906784},"28":{"x":266.90050399548954,"y":20.002631996663986},"29":{"x":278.2593657618148,"y":-9.87923755909017},"31":{"x":239.99343964071306,"y":-64.61369607590981},"32":{"x":280.1885626722291,"y":-85.53374304476418},"33":{"x":224.87375377837705,"y":-101.39168209360612},"36":{"x":166.2184336328054,"y":-84.48817044425236},"37":{"x":173.51807669579074,"y":-46.655222105894914},"38":{"x":205.1846125253795,"y":-76.20793056590476},"39":{"x":73.8454514320896,"y":-153.52866600993318},"41":{"x":111.95340437734889,"y":-151.93671439038306},"42":{"x":96.94350993532392,"y":-116.75241564217885},"43":{"x":137.52223621899478,"y":-116.28851238518398},"44":{"x":94.01888282698414,"y":-78.43616162752669},"45":{"x":124.83299360055979,"y":-86.94735677283008},"46":{"x":57.79851251140311,"y":-120.72940843131838},"47":{"x":151.92461751722027,"y":-144.36067802381098},"48":{"x":192.21874897522977,"y":-144.6602288407713},"49":{"x":180.59727932728387,"y":-114.87950837953066},"50":{"x":119.62379009583344,"y":-176.10265837108827},"51":{"x":167.6014357378358,"y":-182.63559839316193},"53":{"x":81.45515367885955,"y":-193.01869439888105},"54":{"x":113.66832866648535,"y":-222.85153816968946},"55":{"x":95.42080111661214,"y":-259.7726847031347},"56":{"x":126.88031535808123,"y":-265.4045779480717},"58":{"x":84.58033438315854,"y":-229.7099221462847},"59":{"x":138.97730794205108,"y":-175.79858747471135},"60":{"x":199.79903511838864,"y":-171.7903020463042},"61":{"x":224.72839666195847,"y":-136.009215060902},"62":{"x":256.3700140833733,"y":-106.8505260300396},"63":{"x":263.69719549104957,"y":-137.96587613369766},"64":{"x":247.0440284473637,"y":-157.60459803396603},"65":{"x":295.22249286394475,"y":-132.6388364971799},"66":{"x":290.21423425338986,"y":-164.201695299055},"67":{"x":227.90013828537863,"y":-202.11756772119313},"68":{"x":189.92068956526242,"y":-213.52814383140026},"69":{"x":244.2935089641382,"y":-245.31218074888653},"70":{"x":243.29757151124082,"y":-184.4365157688875},"71":{"x":284.4855355340039,"y":-195.6461371240344},"72":{"x":222.43438667486603,"y":-221.98539750079595},"73":{"x":265.2536796300858,"y":-221.18210364334314},"74":{"x":160.27171350829693,"y":-222.06133855453157},"75":{"x":195.32776101717565,"y":-249.9465998494578},"76":{"x":155.6002728815026,"y":-251.36485240930804},"77":{"x":164.2496685871341,"y":-283.0695532512913},"78":{"x":180.2040482756059,"y":-266.261832055252},"79":{"x":214.60702820098453,"y":-288.9161326728547},"80":{"x":179.16652691537118,"y":-311.3438738558911},"81":{"x":33.87733942322226,"y":-222.03020219712803},"82":{"x":-12.348959310546205,"y":-271.2321682016864},"83":{"x":-60.17548582087242,"y":-308.3485210058159},"84":{"x":-102.11614333624249,"y":-337.74279920801916},"85":{"x":-43.97708463287569,"y":-343.0372379768563},"86":{"x":-117.67178223517256,"y":-309.8577562264026},"87":{"x":-74.24321769473235,"y":-353.30492435311453},"88":{"x":-20.77308564051365,"y":-319.44351502472415},"89":{"x":6.947773949930632,"y":-352.21812542195534},"90":{"x":-21.851498320360374,"y":-366.09442844729267},"91":{"x":-13.319709053629953,"y":-244.96153949544296},"93":{"x":-52.87038188073431,"y":-255.7210115626571},"94":{"x":-56.03635580925224,"y":-276.97782811993375},"95":{"x":-85.6903482126203,"y":-310.297597458811},"96":{"x":-101.3030376926965,"y":-282.41612248217837},"97":{"x":-89.76087287537983,"y":-252.60346769082375},"99":{"x":21.12534720431365,"y":-263.57255088557423},"100":{"x":54.48810637638162,"y":-240.8290354209284},"101":{"x":17.479855084066504,"y":-308.9548881009409},"102":{"x":46.67993020570106,"y":-295.9533178480089},"103":{"x":-10.487367092127737,"y":-293.47616151822297},"104":{"x":56.10537302204764,"y":-270.8622714654344},"106":{"x":94.41730498703362,"y":-291.72671231873204},"107":{"x":55.60928352676337,"y":-319.5058620806611},"108":{"x":41.04894622160494,"y":-359.0188299049299},"109":{"x":73.13792580801028,"y":-356.92883468144214},"110":{"x":81.87497959975121,"y":-310.746142666029},"111":{"x":107.05057832062974,"y":-345.00381533297764},"112":{"x":124.78646158069535,"y":-318.40704276559404},"117":{"x":-4.545402406202342,"y":196.20275869665207},"118":{"x":38.084501524062595,"y":193.34232071526463},"119":{"x":70.23398592434364,"y":219.85286335390728},"120":{"x":105.88067973101754,"y":229.12187452007544},"121":{"x":57.97272956152701,"y":264.078320231919},"122":{"x":89.59465921115005,"y":259.4553296979018},"124":{"x":50.036887275394186,"y":232.3181747067025},"125":{"x":-49.0115168731547,"y":214.32931795030112},"127":{"x":-54.37818859979984,"y":254.1952974761987},"128":{"x":-84.254815104968,"y":241.00736744207603},"129":{"x":-103.77250589954575,"y":276.29263515258964},"130":{"x":-71.99977705980346,"y":280.8679330543307},"131":{"x":-125.82065256230142,"y":253.15220746931743},"132":{"x":-97.5450283283069,"y":206.07105172270985},"134":{"x":52.84654029657335,"y":161.46898062349035},"135":{"x":105.67149281334821,"y":150.48281216136795},"136":{"x":137.73409482552037,"y":125.39663763469484},"137":{"x":173.77421568278893,"y":97.1055916296279},"138":{"x":150.89097152392299,"y":62.247552426197856},"139":{"x":164.83349812100712,"y":23.19606978710035},"140":{"x":164.4375180506937,"y":-16.004067260456527},"141":{"x":133.8131465101769,"y":-4.116010762188736},"143":{"x":131.65292850103242,"y":28.130735729971573},"145":{"x":215.10936422960586,"y":79.34917567791045},"146":{"x":179.3247384517393,"y":64.92900263807284},"147":{"x":254.58216782591137,"y":62.29246166344228},"150":{"x":97.40725796134585,"y":116.98159822578069},"151":{"x":135.6397587107671,"y":102.71929252231818},"152":{"x":82.63215486114929,"y":80.87687918095976},"153":{"x":114.52703872564179,"y":78.71673703341006},"154":{"x":160.23700359912914,"y":142.13164661574322},"155":{"x":213.05894180071962,"y":130.47398531545574},"157":{"x":257.79541638440315,"y":110.8468997353808},"158":{"x":284.2732166934029,"y":74.1243538036859},"159":{"x":298.59276829489096,"y":102.70582175992095},"162":{"x":238.2864346948409,"y":96.71297023078479},"166":{"x":193.4953140938606,"y":119.4547161097936},"167":{"x":92.10168735094936,"y":176.66740627633132},"171":{"x":113.88624116608976,"y":209.7119067706018},"172":{"x":145.62161209602735,"y":236.10505770737205},"173":{"x":121.46410366857401,"y":257.03901664710895},"174":{"x":136.89194599823992,"y":170.08529352510408},"177":{"x":147.67329638202278,"y":208.80658225117625},"178":{"x":177.54306348101946,"y":237.7070621007996},"179":{"x":176.1372914065468,"y":185.75833188185996},"180":{"x":183.09650118081757,"y":166.6921546960718},"183":{"x":202.82364945087932,"y":203.3535922007367},"185":{"x":224.93266413968317,"y":161.80593149541897},"186":{"x":264.3341533997334,"y":168.29928430041278},"187":{"x":234.55542333438493,"y":199.47488161871465},"188":{"x":258.8709234211253,"y":136.80161793258927},"189":{"x":-46.46688824339377,"y":93.31426214583524},"190":{"x":-46.48754498863569,"y":26.631743667081164},"191":{"x":-59.630058499821224,"y":-40.58028366233091},"192":{"x":-45.67382093151004,"y":-86.09905306577049},"193":{"x":-47.352261674212706,"y":-134.64635738595373},"196":{"x":-21.421359125122162,"y":-165.07195151355575},